path	bytes	sha256
.gitattributes	425	0538a1574ae433ae6752529d473056b3b640fee58cc17a21c21827a37b241433
.gitignore	1032	d8bc445ada05e5ad1454b06a0cc47e6a760609a2bc768a84497763e6cb62bdde
annotation/negative_transfer_annotation_guide.md	3450	ed2af7251aecc27614043745084af581bf6edbabd3f1a37a1e64dc2cda7af302
annotation/oracle_skill_guide.md	2061	9a4354a2d0b5fc9b93ed2eef19768c10d835f74f55d7061608760915871b4613
annotation/repeated_mistake_taxonomy.md	3517	60d2ac2141b2042371af9d04edc943182cdb8bafe5434c35672750a221a8dfcc
baselines/format_shuffled_skill.md	1835	26dee38d26b4c56d6efbf1c5f6321abab9c17709cfa5b331c8583b2fca55e4f9
baselines/generic_debugging_checklist.md	1643	b90586decd036c88b892abcaee1a5659b770e82591554749f154fa8f37d447a1
data/pilot_task_selection_guide.md	3226	07b2d9795f656dd02d02f438f009042592da66dba6e2dfb54d913384507dfd0c
data/pybughive/pybughive_black_1493/metadata.json	5121	7c82dcb58ffd80b54fd2f1bbf78d4b57ae6e3eb5e748da999f6cc15df33e1a7b
data/pybughive/pybughive_black_185/metadata.json	3707	92176a4e95ab60155324b39b6bc051bd59e342387e31e5075344945137cf4e81
data/pybughive/pybughive_black_297/metadata.json	4724	22d5b6d63f9c56d085f2f2f833dc685a5beefc2fa0e23ffb2b7f8bd09eaafefb
data/pybughive/pybughive_black_389/metadata.json	6868	dcbd66bc47cbd4ad211cad4319c1b912dee2b64aa96c178512cf9ded76128eb0
data/pybughive/pybughive_black_59/metadata.json	4309	ac67e70d9f0bef8a12b0163e5d067a630459ce7e49e44417fcaf14b8fa1a42b9
data/pybughive/pybughive_cookiecutter_1513/metadata.json	6005	09eb1c2bfe89043b52a9368328eda69e43e5de982d8874fa8549cc2bc6a7800b
data/pybughive/pybughive_discord_py_7676/metadata.json	5787	629b2c1e68a0b3ef8c691cdb57867441dfd10bc4c70a7fdaff49041e75752476
data/pybughive/pybughive_discord_py_7818/metadata.json	7686	3d0b0b5c2ec39d8cda9dccc4ca3d52b26d3b83b67334e19f30a3becd88f50521
data/pybughive/pybughive_scrapy_1265/metadata.json	10803	96a6307cdbc48c59a223f9dda55a3f254a98da4e19871782f19cf209eb831be7
data/pybughive/pybughive_scrapy_2552/metadata.json	3239	ea67508e273087134f39bd3abf1aecfe28565b64f9fd9945de9297db98e7444d
data/pybughive_hard/pybughive_black_132/metadata.json	16228	780f27094d7f5a273a04d893e3d494b196b1fe8c2fce2534b65e504e93de1b29
data/pybughive_hard/pybughive_black_133/metadata.json	11728	9622e234e1113ef5c9d9b4dbfee4b64699ed2a9647fc1460a13c2c68478caa05
data/pybughive_hard/pybughive_black_154/metadata.json	11450	8a9a33293e6ad023d242c4c66a24d61350f2e29cecfc6f68ab596ab0081dec80
data/pybughive_hard/pybughive_black_1632/metadata.json	13222	e023e9e0ee4f6edd5987a5aa403576c31d7f7b8d772e9674ea5ef3f91895945c
data/pybughive_hard/pybughive_black_183/metadata.json	9226	61eeaedf126781cc806067ebdb9f10795d894059bab34cab1c9c4803653f9cc6
data/pybughive_hard/pybughive_black_193/metadata.json	18468	7cb7efca00739dd4b3425769af36cf0d53f032472c1b2c8cf0b49e496590525a
data/pybughive_hard/pybughive_black_232/metadata.json	8663	9adcd555ecf2861966bb644374f5cb4a139c14869c5353948d3afcb4116998c3
data/pybughive_hard/pybughive_black_234/metadata.json	8994	ac1fb5b9f677060961b196986dabad0825db1bbada9b22c4f706620e050491b8
DATA_SELECTION.md	1425	ac77aaa63c6cfbe28485f474fda76d151e6a32179929d4d4a8165f1039a9e677
manifests/pybughive_hard_auto_skill_first6_codex_gpt55.json	8131	56c6f997150fccfc8930a96fb533ed673b5fc6552901a775324c2c7e86b3cf71
manifests/pybughive_hard_format_shuffled_first6_codex_gpt55.json	9092	0f3a37d9b6b1d3e5276a8d0b505fb6af7b13fb41a37643c9ac24e9b7d777213d
manifests/pybughive_hard_smoke_codex.json	41574	5cd500f076201062a2b291a1b6fbf5fd49403225bd49fa53a27ff553e45ebee4
manifests/pybughive_train_trajectories_codex.json	3979	a935b5e1df726cd6fc0586dc2ac7082c830134cbd8b91eefc91e6907f18e5e17
memory/pybughive/test_failure_triage/auto_skill.md	3034	dc5c7584d9b731602fdd9a45b932f1717533d3cf7c121a260cd982c5e910abfd
memory/pybughive/test_failure_triage/format_shuffled_skill.md	2798	97d00580adfcb4a374b3e7067558315631ef18b9f4c830808644f1a6568aad29
memory/pybughive/test_failure_triage/length_matched_reflexion.md	2620	8cc6d159772c44b10982d76ba0ad9c57770a33b4b0fcbb5eea63e0e1ee0e1996
memory/pybughive/test_failure_triage/oracle_skill_template.md	659	1172233e08ea011f09435fb5a1b672c3b84c73920b24f1e841724bb28ab3d480
memory/pybughive/test_failure_triage/raw_trajectory_retrieval.md	3710	fbe5b677a8f723ffb02e2815e37212dccf68da05dd520df448f76510ec0d5d8b
memory/pybughive/test_failure_triage/reflexion.md	1499	6a7a024e1797d0a545506f946d65d413d9adfa96b187fec62df99dc47bccc4f7
paper/BUILD.md	2596	a01a6e9014a5be059ce85b6ca60b296d4eff2f4dc3579ed82a5b1e2a49cf74fc
paper/figures/black234_tokens.svg	4223	fd7d4188b45a087b762a59f67b9b2b134cdb16e243e97f346a801300190d1bc8
paper/figures/evaluation_protocol_diagram.svg	5759	d129b549e97917a4eb4f0a1e44ff0968e7426e9dc526e21c8d63325888234201
paper/figures/hard_first6_efficiency_scatter.svg	6203	751b477b8988480a2caeda7b4c9e7b7f05667881411c163870acf33f5e8c8927
paper/figures/hard_first6_main_bars.svg	7753	fd1b3ea163cf2ddeb88e1fd347cc7197a6b2516436eb8fa83ddf6f1e04bc90e5
paper/figures/hard_first6_task_outcomes_heatmap.svg	10206	e3909b6995d70cfd20675fc393717a489c10a0b0e53e3791f99e1678cb226c0c
paper/figures/hard_first7_exploratory_bars.svg	7774	51cf1a07b1db6db30df490994b2b3aacacbc5670d0bbbc77725b5dd2b59a5e9a
paper/main.tex	1848	81f7d73108d9c80d48beaba689b05dedd050b18319e57c4abecc4bd7e5454c76
paper/manuscript_index.md	5016	617f1607917549ee637663c8404cbf359ecfc38ed64c149dca369657409e08af
paper/references.bib	8712	f28a6e59b3837499877d590f65301d836af645a451e0af440fa34e6b5b31d6d9
paper/reviews/agenticdev_2026_format_report_2026_06_08.md	1857	bc31933e8d8fe5b494e56b896aa410a4689dfc6beef13ac5b1a1dfb7f166b5c2
paper/reviews/full_manuscript_consistency_report_2026_06_08.md	3050	20290b9c05e79e14f10a61441d8b2999ea959e6985f109e08911aadb5aa368f3
paper/reviews/latex_build_report_2026_06_08.md	2372	9c945864257733466d853d6cf7afade73f081cccf4fa4a6ae5455ad61c235264
paper/reviews/p0_revision_report_2026_07_10.md	2786	45fafece44f4edd874bb1d9bdb881efde619e5cfabe146bd76303dcc8fbc1399
paper/sections/abstract.md	2152	7f15158d4d2b84e0aa16ff5b3e88d894c5983ff00379a028542773de0d9d7c36
paper/sections/discussion.md	11470	0de3c0b0eda1ca844b22b76a1d75e8412c9237d266f3d1aeb687c01c643cf9a4
paper/sections/introduction.md	7935	5cc67cbec400fb0e3ddb523e3bd72f94acf9df85c80dab9e2d9fdec76c290fff
paper/sections/limitations.md	3265	ad64863f8f15c4654df004a14242c7ab7bc9739459fa150870fa75317f477a38
paper/sections/method.md	15570	beb1055ac5ad457a02eaf8591fa79d4322d2ac02bade64ab90033d1171fe1618
paper/sections/result_claims_guardrails.md	3691	8bb836ee9f8c304053f4936a94e06d57a471d5becd9f7accfe160fafc950cd52
paper/sections/results.md	9718	a5743c3a8cb8066958e64117f4a8be39538f5361727bd73f0b63e3c9a345f5b0
paper/tables/black234_single_task_table.md	489	10a490b6856e54f70a5eb66dff043a975f0897eaaf89288ddbdcd8d1dcc89689
paper/tables/experiment_ledger.md	994	0a78164549e753fef10837d579f52b419e33bff0e07d45bc10cc843496313b6e
paper/tables/experiment_ledger.tex	774	4e69e35e6761837190750fe3ce8cb6c3de11454c5ae28c97bfae2bedfd895d5b
paper/tables/hard_first6_common_solved_pairwise.csv	564	6c4ded95169bd2bcfd7fcfbc3917f52e0dc55879002bd5119cf4ff4ea9e0c93d
paper/tables/hard_first6_common_solved_pairwise.md	631	bd91047f31eb456117a33409efec1cb1c9912a2934f1b7b69e7af96bd900cd34
paper/tables/hard_first6_main_table.md	489	d417bd0959485e147216ef569236c183e1b1cfc2d332ff6c8550547dba5215ff
paper/tables/hard_first6_main_table.tex	696	a9f66dad173fbcf116c82c05188bc7ade1d687928ed5984005049392cd47b5a5
paper/tables/hard_first6_structural_control_gpt55.md	331	8ab6c45adecb80c40bc019c2d56687549090f6247aae4f0f8f46c77f60d4834f
paper/tables/hard_first6_structural_control_gpt55.tex	333	3ce3be68930e668265aef752045d4ae86b462abc12092fc6851d435292b10e35
paper/tables/hard_first6_task_outcomes.md	356	ad0683a9ec82517736b1dd1db53aa6123db76ef080d8cebce50932b67aa676f4
paper/tables/hard_first7_exploratory_table.md	489	625724a44650722f2745b34a59c7a62c8aad27a623055b468600791e2760c44d
paper/tables/hard_first7_exploratory_table.tex	710	cb75bd77444991d8e7f87287e2e3499ebc5bf44c6270a1b950bdad94c2932902
paper/tables/reviewer_uncertainty_analysis.md	1801	d68c00bb2f718de8bdda00e9c4802e3f5e7765ed1daf8dfe621095604e9978f6
patches/pybughive/pybughive_black_1493_fix.patch	1501	a2c87a8777bbc34c927aeb6c6976b834495ccbb15b03ce366c1e46c0660da3df
patches/pybughive/pybughive_black_1493_tests.patch	1202	65d0be6f7f7df0dc4071f13f776886c4928c13792e07df8df5e6e22f8912e87f
patches/pybughive/pybughive_black_185_fix.patch	889	c6b422d58a828c8ecf9715079d9e6a752c3b07c23706736a39594d619ef3da44
patches/pybughive/pybughive_black_185_tests.patch	428	2631d3683510803e759a94eb0e3923c63baf387b18adaad93c3322026d647d00
patches/pybughive/pybughive_black_297_fix.patch	258	0b9db7e5aa9e6e6ef3aafbe47a36828aba4efd57c9b129f97f179c8171d6fef1
patches/pybughive/pybughive_black_297_tests.patch	1522	5ba27358d83d1a06df80b8add5732d5543404283b5a2300bbc22d5701e9dc5f7
patches/pybughive/pybughive_black_389_fix.patch	2218	261e1901c2681c3efef09a8afac25d6e93b84086f5ded194824b15a367f16098
patches/pybughive/pybughive_black_389_tests.patch	1597	8a2b39faae8ea83cd005da5113704f4d977ee1d9ce791eabad0f4e77808d7e2e
patches/pybughive/pybughive_black_59_fix.patch	780	ecb73dc475d492be0eae4b6b46b123b637cbba8ae56d8c4920db6cab25477025
patches/pybughive/pybughive_black_59_tests.patch	1087	fab85cb30cb4ce4172733eacc0f85419043ed257dada838d11cd0e2842388b9e
patches/pybughive/pybughive_cookiecutter_1513_fix.patch	485	1ddfaeb329ee2616d136c7a66e604a9cef64017720c37eaf2e09e71b93a06fe5
patches/pybughive/pybughive_cookiecutter_1513_tests.patch	1755	37935855ebf565a12936ed4cdfc2e525220b90eaccbac9059d8088f943c9cea7
patches/pybughive/pybughive_discord_py_7676_fix.patch	2126	4a241e5fb9749b4d988eb55a63a14efec29906491b581db9760e1a81393b4d7a
patches/pybughive/pybughive_discord_py_7676_tests.patch	1322	dc8b12bd890502a3750eacad01b746a12580c3f359d6986968514f9db3f4dcfa
patches/pybughive/pybughive_discord_py_7818_fix.patch	2132	8367f4628541e2fe2c2f2ab7e1acff8ccc528cbc35edd9db05c86c2329adc575
patches/pybughive/pybughive_discord_py_7818_tests.patch	3140	9f773d36f5abc82085af202b94e7d06aee94ebe5ece31ccd4b1a712f5fba5e8c
patches/pybughive/pybughive_scrapy_1265_fix.patch	3332	2efe9cceef50abe3c567106dc4ed8c7b803d6207782e2d9ee1d92dce05c6aa5a
patches/pybughive/pybughive_scrapy_1265_tests.patch	3671	b63a134c612e5e455ae78478c5089b605d82f7a255cddfdfe19d7088a718e067
patches/pybughive/pybughive_scrapy_2552_fix.patch	542	4ac13562dcc7295dbec1cdf042f3f4dd699e4d6fd076bb7de426c195cabbbcc1
patches/pybughive/pybughive_scrapy_2552_tests.patch	502	e97c441568c020b1c2f775c6577fbab26ff58e2ee19d0117b62110b60e1f8e77
patches/pybughive_hard/pybughive_black_132_fix.patch	4417	597ae6637fa65e39e8b0b3024e152fc120b390e75012cc8b0a671175ac97714e
patches/pybughive_hard/pybughive_black_132_tests.patch	6077	af1e186e4eb417260635b012d9d883f14c01a9874fc35c16639b06854d3d1f30
patches/pybughive_hard/pybughive_black_133_fix.patch	5819	334f6a42690406a5a21022e4c1a1cab5ac1abb7a00663707cfb4e394412afdb0
patches/pybughive_hard/pybughive_black_133_tests.patch	2091	9b06f37375d5db50e39c124957728e993908f4551e6da0ccae380585b26ce869
patches/pybughive_hard/pybughive_black_154_fix.patch	2097	bc1481a82279b29701fb4973a3b61f667080b4c1fd214d8d5be6eb7cbe25017c
patches/pybughive_hard/pybughive_black_154_tests.patch	3056	cacec78dab88a24eb8ef2724dcfcf5226e9b546dda5bffc48075b7646a1525b3
patches/pybughive_hard/pybughive_black_1632_fix.patch	2933	451dc4dbfdf0b64741e8b763b2ed7d83aa0c292f2d5d9c99d5a53e0818cf6564
patches/pybughive_hard/pybughive_black_1632_tests.patch	5332	b0fde2bfb09305f87535a39572291359f0105577918a5c0c9e826800c93217f1
patches/pybughive_hard/pybughive_black_183_fix.patch	3082	8c623a28d82c37decb2086ae046ae54df60e076dd1f5f2b6797fb58ee74443ad
patches/pybughive_hard/pybughive_black_183_tests.patch	1920	288d8425c0cd02a38acde0e6cd49e7cf43c082c6f640be68e2759dfbbd3c6847
patches/pybughive_hard/pybughive_black_193_fix.patch	4876	6a6f3ed2098eba3c765899d8400e322c130ebadb51d8e1dc29ef098b31d20433
patches/pybughive_hard/pybughive_black_193_tests.patch	8551	b5da02e0ba3c9502ebe63cfa9f8b3e8cc10b3c37dfb582f8745549dc02f4ac61
patches/pybughive_hard/pybughive_black_232_fix.patch	4740	61d031471754505a2df7b4b4c723d5bdbb21c074386a687dde98a28236f74210
patches/pybughive_hard/pybughive_black_232_tests.patch	792	b8920e606e0c657fdc0287449d72c1c172e8e4d94970c1c52ce50feafb15bb16
patches/pybughive_hard/pybughive_black_234_fix.patch	3904	b5380baa5752d2c597b8b99d4dd70129a1fef043280a72fe9a92396b63b92c26
patches/pybughive_hard/pybughive_black_234_tests.patch	1374	29d5caeb1eb1fc087808778fca559d2ef73faf762a2a64c39d69c3c371d6703d
process/raw_runs_inventory.tsv	535	e3446c30ef8bae7f549db3f7631cabc8089bf1df342d3c33c9c00aa847a835e5
prompts/induction/pybughive_test_failure_triage_k3_seed1.md	5902	fabf8a5ba0f441b81385df379cb727ca5abe53478a7c75bb4b50a39ad403c93c
prompts/induction_prompt_v2.md	2095	2389ab7a4a74b52a3bc40ef5dcb25ada9a202a8de3b6eefd483766023cd15956
prompts/runs/pybughive_hard_auto_skill_first6/pybughive_hard_auto_skill_first6_pybughive_black_132_auto_skill_seed1.md	7360	9b9232aa4676103fdd819189115e4537e5a4c1925347d8f1bb3ac94670a198a1
prompts/runs/pybughive_hard_auto_skill_first6/pybughive_hard_auto_skill_first6_pybughive_black_133_auto_skill_seed1.md	7293	729d8b6e612c770826c31ea400c763e0360b4590e3e7f946693d81c718fc19ee
prompts/runs/pybughive_hard_auto_skill_first6/pybughive_hard_auto_skill_first6_pybughive_black_154_auto_skill_seed1.md	7386	9b5245332dc8880fe3c0674061101a169059dd32f37bdebb41e0d0008a94cc63
prompts/runs/pybughive_hard_auto_skill_first6/pybughive_hard_auto_skill_first6_pybughive_black_183_auto_skill_seed1.md	7284	802a2d462b858dd699df62096c8e72dc2b75baa33ba1cb2f1f77dde3ceb2a0c9
prompts/runs/pybughive_hard_auto_skill_first6/pybughive_hard_auto_skill_first6_pybughive_black_193_auto_skill_seed1.md	7348	821154eb41dfba593eb086003107021a832dae80fdb88ad8fc64ede7a99ee56c
prompts/runs/pybughive_hard_auto_skill_first6/pybughive_hard_auto_skill_first6_pybughive_black_232_auto_skill_seed1.md	7277	8f9c3b209db0b10249c9c40690aadc2f0460dd033c8ae061f36a43dba18b1980
prompts/runs/pybughive_hard_format_shuffled_first6/pybughive_hard_format_shuffled_first6_pybughive_black_132_format_shuffled_skill_seed1.md	7320	c05390bb5ee5e2c4347dccbfec686fe3a2612cd77273bb76ce5fad8688d2a584
prompts/runs/pybughive_hard_format_shuffled_first6/pybughive_hard_format_shuffled_first6_pybughive_black_133_format_shuffled_skill_seed1.md	7253	55015a706fd408332fbbe0b28055b6bc27b341630f8232edb0699abadcede662
prompts/runs/pybughive_hard_format_shuffled_first6/pybughive_hard_format_shuffled_first6_pybughive_black_154_format_shuffled_skill_seed1.md	7346	99e7222880159f6562cb00011216d3ed2b24190e4423da81ac70337404b3a4a2
prompts/runs/pybughive_hard_format_shuffled_first6/pybughive_hard_format_shuffled_first6_pybughive_black_183_format_shuffled_skill_seed1.md	7244	d530b59fde13c3124cb261f0ded8ca2ee81948abd5c107359fbddff0756eccad
prompts/runs/pybughive_hard_format_shuffled_first6/pybughive_hard_format_shuffled_first6_pybughive_black_193_format_shuffled_skill_seed1.md	7308	a1dc5e22d25db1c263eb7d843d7f800da3abc47b41685abf725546a8b9c2ca8a
prompts/runs/pybughive_hard_format_shuffled_first6/pybughive_hard_format_shuffled_first6_pybughive_black_232_format_shuffled_skill_seed1.md	7237	dfff26d5b73c904fbee4d5ad688e2f4f945eab1076eec5f52aaa176e45bf26d9
prompts/runs/pybughive_hard_smoke/pybughive_hard_smoke_pybughive_black_132_auto_skill_seed1.md	7192	21e329ad96b0662a80158eb0d5575c4c7be2c75e43d188090ce9dbff4b0352e2
prompts/runs/pybughive_hard_smoke/pybughive_hard_smoke_pybughive_black_132_generic_checklist_seed1.md	5888	f9018c199ce5777dbf7df38c300ce26bce7c40acbc8f92a5dd3bfbac93077301
prompts/runs/pybughive_hard_smoke/pybughive_hard_smoke_pybughive_black_132_length_matched_reflexion_seed1.md	6932	7c97dea8369e426d3f5335d01f9ba4702924b4e94779a35e35a4f28d18ec7dbe
prompts/runs/pybughive_hard_smoke/pybughive_hard_smoke_pybughive_black_132_no_memory_seed1.md	4231	975490b0530828ef73e12095d902e1c1984a0b578ef903f654f553022dd3230b
prompts/runs/pybughive_hard_smoke/pybughive_hard_smoke_pybughive_black_132_reflexion_seed1.md	5646	22ab64fb456c43a1e0decfdbf0dccbea33dc3217c4390d169d481cea35d8e369
prompts/runs/pybughive_hard_smoke/pybughive_hard_smoke_pybughive_black_133_auto_skill_seed1.md	7125	d9da5f3ebcc56c63141343d475cde7eebfda92bc874200105c06ae018310c7f8
prompts/runs/pybughive_hard_smoke/pybughive_hard_smoke_pybughive_black_133_generic_checklist_seed1.md	5821	d69aa1daac69cf23323be1828029c7b5030388b4e2937850859d38729546d1ac
prompts/runs/pybughive_hard_smoke/pybughive_hard_smoke_pybughive_black_133_length_matched_reflexion_seed1.md	6865	ecc11a7e5ea35676d3e6ba2afa2364199afc8b21b652482730a3b46109092e03
prompts/runs/pybughive_hard_smoke/pybughive_hard_smoke_pybughive_black_133_no_memory_seed1.md	4164	94b12ff5e7ea8f12974d66095e71449fe78be7e99b50736c8e023db3386cf3d8
prompts/runs/pybughive_hard_smoke/pybughive_hard_smoke_pybughive_black_133_reflexion_seed1.md	5579	f0b83d2ab80b853c7d700bb9ad964b6c60260c0f002732aa2d0ddaadbd8ab6ce
prompts/runs/pybughive_hard_smoke/pybughive_hard_smoke_pybughive_black_154_auto_skill_seed1.md	7218	df0f4003150feeacdcb5ec7884fa3aea05e2a809ef61bb8483e4101311dd85fe
prompts/runs/pybughive_hard_smoke/pybughive_hard_smoke_pybughive_black_154_generic_checklist_seed1.md	5914	38028e2847d1003f1c90c601a3164f02c8f22ac31cc1c31f7888a069bb712f8b
prompts/runs/pybughive_hard_smoke/pybughive_hard_smoke_pybughive_black_154_length_matched_reflexion_seed1.md	6958	a59ce03b19e8858b7208ba09de8bb947978f3633ecc654be13718e90b1d8538b
prompts/runs/pybughive_hard_smoke/pybughive_hard_smoke_pybughive_black_154_no_memory_seed1.md	4257	6c6c56b7cfcde69b439b13ea0c01294dfda05791fb2b7eb3653aa47497bf42bf
prompts/runs/pybughive_hard_smoke/pybughive_hard_smoke_pybughive_black_154_reflexion_seed1.md	5672	8e10776f2bebc7cb0ac4f2d7b3aa8796c4ae430bda5d7edcd4f2b20b82c3eced
prompts/runs/pybughive_hard_smoke/pybughive_hard_smoke_pybughive_black_183_auto_skill_seed1.md	7116	2f820d1288ecd7c50a93cd0ee43db2bf406dfab31b5f4150ed63ab1479502070
prompts/runs/pybughive_hard_smoke/pybughive_hard_smoke_pybughive_black_183_generic_checklist_seed1.md	5812	3170cc2ec9ed8c0492c6961e41121c5f0440814490932981c53604b4a549e1bf
prompts/runs/pybughive_hard_smoke/pybughive_hard_smoke_pybughive_black_183_length_matched_reflexion_seed1.md	6856	5c574f8eb1fe7c940a265c4205cbd10f6e5f54e238bcba5eed508edf22093b2c
prompts/runs/pybughive_hard_smoke/pybughive_hard_smoke_pybughive_black_183_no_memory_seed1.md	4155	145e0778a6175da1d2f0d12efb8d0e26342245d4340b376508241015ad2263d3
prompts/runs/pybughive_hard_smoke/pybughive_hard_smoke_pybughive_black_183_reflexion_seed1.md	5570	cc1fc26d1a50ce20a5f6325556f5c701cab23908082668bf71a8d897ee082bae
prompts/runs/pybughive_hard_smoke/pybughive_hard_smoke_pybughive_black_193_auto_skill_seed1.md	7180	34b53ab8984e55e6ca8b669339161a86a48ee0a183e39a1034f29ca355feb85d
prompts/runs/pybughive_hard_smoke/pybughive_hard_smoke_pybughive_black_193_generic_checklist_seed1.md	5876	49acd407a8040d9404c24c7c2b64d17536cc60b1e4eb8b5bfe39aea55a6af5d7
prompts/runs/pybughive_hard_smoke/pybughive_hard_smoke_pybughive_black_193_length_matched_reflexion_seed1.md	6920	b9e86c1cd1594c5941a25bd9514b4c2b2f00bcb791a090c2e9dfd63b262a709b
prompts/runs/pybughive_hard_smoke/pybughive_hard_smoke_pybughive_black_193_no_memory_seed1.md	4219	fa4b12250b6e02a0b64c6ddcc8445e8e884da1998caeda98dcd64bbb98f2e2c8
prompts/runs/pybughive_hard_smoke/pybughive_hard_smoke_pybughive_black_193_reflexion_seed1.md	5634	0ab94db6bd2bca7c0b603d3f9f19d637dabbbdcd5d016768c13e55d63e4feb25
prompts/runs/pybughive_hard_smoke/pybughive_hard_smoke_pybughive_black_232_auto_skill_seed1.md	7109	01ffdebe39ab3e3c6b0ec48a256a389e7944e4963da57ffc9634bbe95df6acc2
prompts/runs/pybughive_hard_smoke/pybughive_hard_smoke_pybughive_black_232_generic_checklist_seed1.md	5805	6dd56c32982d4c240d982fdbc2872dbc4ada9614d28fa74c3c781a434470c289
prompts/runs/pybughive_hard_smoke/pybughive_hard_smoke_pybughive_black_232_length_matched_reflexion_seed1.md	6849	5a7a9f8f4e209607fc8006d3b42812f26790d6e81e6739af720efb13c59fd4aa
prompts/runs/pybughive_hard_smoke/pybughive_hard_smoke_pybughive_black_232_no_memory_seed1.md	4148	159d4514dc946b94d086b0b57e861403b0a4cc95509e35d902edf33c9b9ecd99
prompts/runs/pybughive_hard_smoke/pybughive_hard_smoke_pybughive_black_232_reflexion_seed1.md	5563	51e9b4d08497a470838845398862dd4f227f4291d4c8b08c7ca5a223ca7ed206
prompts/runs/pybughive_hard_smoke/pybughive_hard_smoke_pybughive_black_234_auto_skill_seed1.md	7128	a7e7f145eb9282bf519c1c85462830a12366af1eeabe67efac84ae6423d727d7
prompts/runs/pybughive_hard_smoke/pybughive_hard_smoke_pybughive_black_234_generic_checklist_seed1.md	5824	acb14af73566c6d8a141ae7b18ea8b082febb7c58cbd2a57b64307c664553d6b
prompts/runs/pybughive_hard_smoke/pybughive_hard_smoke_pybughive_black_234_length_matched_reflexion_seed1.md	6868	b77530430315e20a7135369225dd91f357c92d2b47e8ea584fba49fe57ef9541
prompts/runs/pybughive_hard_smoke/pybughive_hard_smoke_pybughive_black_234_no_memory_seed1.md	4167	cd0e72e74f84f03134163dad2112f6aa05646e6f5972471a857d5233b5fc228a
prompts/runs/pybughive_hard_smoke/pybughive_hard_smoke_pybughive_black_234_reflexion_seed1.md	5582	753b15b626a8f253b92e1ead8fad1a350a1aa1b4d796114a5838af40fc9f7142
prompts/runs/pybughive_train_trajectories/pybughive_train_trajectories_pybughive_black_297_no_memory_seed1.md	4269	572fad3580dc856535763772ac8026b8aeb7801b243986f1d0059db71f67ab13
prompts/runs/pybughive_train_trajectories/pybughive_train_trajectories_pybughive_cookiecutter_1513_no_memory_seed1.md	4423	89a26542b149c2acfd978bca5688b04253dec2edd0dab29883e11399ac5c2fc7
prompts/runs/pybughive_train_trajectories/pybughive_train_trajectories_pybughive_discord_py_7676_no_memory_seed1.md	4192	42a5527da9fcca32a5c9e0a8d2e73f215339152a008447d5b65836767e0d5825
README.md	2771	52d0814f3455f2466cce4e6596b1f5644def2f68e8528cb9af27681440a78aff
REPRODUCE.md	1778	77b042c0a1bc358e38a47a6b652752c48579cb662f06ef6193fce55f81d24b11
requirements.txt	232	592eba4aac36b792dbc46fc139271cf3e37ce2e6019c89ab8933ab4e43fd249c
results/pybughive_environment_check.json	1279	a2541c439b444a41eaca0d060738af50f061a23a2153a89081c2229028dcc13c
results/pybughive_environment_check.md	1061	02a3ace1f11c599a25eff82e1115789576479ae912e4ff4f1450a6dc2f65693a
results/pybughive_hard_auto_skill_first6_gpt55_by_task_metrics.csv	791	b088d9a88e93901a2122e780ad1fd50143f64b2d0d2dddd40d70bb389ffd275a
results/pybughive_hard_auto_skill_first6_gpt55_by_task_metrics.json	3152	4b2c7bf85f484dc41ef72a71cbe7d4ce88cc54d9f0f0d5c14929532cb256fe67
results/pybughive_hard_auto_skill_first6_gpt55_metrics.csv	330	8807272042dbcdb2480b56b3792486e38f7a90eb4762f84684e788da9aee4880
results/pybughive_hard_auto_skill_first6_gpt55_metrics.json	539	206f6d77c7f0441ee0f65249e214976941ed36b949eccbaebffd35773168736f
results/pybughive_hard_auto_vs_format_shuffled_first6_gpt55_report.md	5365	564d1434d6be960d1841750a90406f9faaa909d181972d33e98966b103222ee3
results/pybughive_hard_black132_133_154_smoke_metrics.csv	1755	dabd50b4bd014a571d0722ffd68c7c744173b757200650ce5c3a2b0bee007328
results/pybughive_hard_black132_133_154_smoke_metrics.json	8269	b416d47e5753307db2f937b7d6aab75536617a981588aee82dcf06549d829f6e
results/pybughive_hard_black132_133_smoke_metrics.csv	1238	9a75a7942a99d7a8ff368af26931ef1c90d980114956069e7fa8ccbc19cbcc45
results/pybughive_hard_black132_133_smoke_metrics.json	5532	6ebb1fd89db65b3fe3d3ef59d65d9ac20e975db91bd1e1216909aa0965812c28
results/pybughive_hard_black132_smoke_metrics.csv	747	bcd8eccdf8fa12e8e7872ef3f709b7b5e8c7d2129a978be7ce0503ea2567d212
results/pybughive_hard_black132_smoke_metrics.json	2809	5ae144683bfcc41700d2dc8c8dc8177d127baca0bb569321d86c35a64bbafb1d
results/pybughive_hard_black133_smoke_metrics.csv	1228	294180ebc56ba2d86a06b98d8d2a3d5b04c08b7a918ad734b31bc1a33625b0f7
results/pybughive_hard_black133_smoke_metrics.json	5522	e797ecc32a823dc761c151f4b00aaa78f0d148e012215e34a725040b824926a9
results/pybughive_hard_black154_only_smoke_metrics.csv	783	350cea7af369fc9a0a66b118efb05a547620fd45869c7501531a8c85b7a361af
results/pybughive_hard_black154_only_smoke_metrics.json	2821	24855889f1035894dfa8779ebe792904fd24a154c3af63588887c2cb064a9663
results/pybughive_hard_black154_smoke_metrics.csv	1735	4a54c25ce555985c777fe46fb686dd833846a486ea8851cb026fe56d983f7e2b
results/pybughive_hard_black154_smoke_metrics.json	8249	32893228a080de5895fde05a4dadb31cd01fe09cf57d54ebc27cba807faaff38
results/pybughive_hard_black183_only_smoke_metrics.csv	779	7ddef7dcefb8b022599191d9d6415d0c35ebb22847c919981723df8204a32611
results/pybughive_hard_black183_only_smoke_metrics.json	2817	f56120fa1b4b363c3d872e5769581f29543e216e23a58c5a166ae65854205654
results/pybughive_hard_black193_only_smoke_metrics.csv	711	d6856cb4ff8f34b2cbbdeb20016f9906d08aa98f7a53c86b40255d130e458111
results/pybughive_hard_black193_only_smoke_metrics.json	2797	2dec8dedecbc97d631e40c65d464f67bd7334271dc59b6703e08b4b0ba4e39af
results/pybughive_hard_black232_only_smoke_metrics.csv	775	3b702712f9f315603f61cc817c0d7b2ab924695ffb0485d748810e7b2931fdba
results/pybughive_hard_black232_only_smoke_metrics.json	2813	7437997cfbb21b256423e31fa26c6e1866b991630dc2c06ca319c65fbb93f05a
results/pybughive_hard_black234_only_smoke_metrics.csv	772	53dd7ec92bc9b341a4b12c9730c64179d8ca2e9b030df913a76c6ae3e3e0735b
results/pybughive_hard_black234_only_smoke_metrics.json	2810	dadf425c25d3360d9c35fff0ede8506b0185e7d0f00620ca558db22613c579c1
results/pybughive_hard_first3_by_method_metrics.csv	718	941396bf1dce41d9bc68095f6ccf10dd08eef8e4f441028db77bf98828b6371e
results/pybughive_hard_first3_by_method_metrics.json	2649	3ed5e9d0b4417ada4678572b246b722fa8d94c461918ea7246880d7f92ac948a
results/pybughive_hard_first3_by_task_metrics.csv	1755	dabd50b4bd014a571d0722ffd68c7c744173b757200650ce5c3a2b0bee007328
results/pybughive_hard_first3_by_task_metrics.json	8269	b416d47e5753307db2f937b7d6aab75536617a981588aee82dcf06549d829f6e
results/pybughive_hard_first4_by_method_metrics.csv	642	de3c84ce11b09093935693fb203c96ab7e025358cfec8f34dd73f0619b614eb6
results/pybughive_hard_first4_by_method_metrics.json	2471	1d1a828701423a9801ad825dbfe7b5e51a2814e3356d9db0bd2861961b208b9d
results/pybughive_hard_first4_by_task_metrics.csv	2268	6247a786454ea1834a012f2f8c817a2a614ed32fb9612c4bb9a34b343e255052
results/pybughive_hard_first4_by_task_metrics.json	11002	43a134ef38905f4eb693ebb1367407d0060223bee28c1a360360ed6c0627ec89
results/pybughive_hard_first5_by_method_metrics.csv	641	0c7238dc462bcdc3336d5101f289875fabc797893f9d5f15260ea5715850e930
results/pybughive_hard_first5_by_method_metrics.json	2470	1b71af7eebe4fe86f6162418603ba011568992fde975507cbb821ec774c0afe3
results/pybughive_hard_first5_by_task_metrics.csv	2713	5f2bd60025e7a8c61a1de621dab3049f6dd30c5b7e05747e59485ed9fdc84e51
results/pybughive_hard_first5_by_task_metrics.json	13715	34208139c1642c3d54e87e330c49d1ad7da52e3b6eb7f9ee219e90f044b959eb
results/pybughive_hard_first6_by_method_metrics.csv	649	1c8cb8778c184799b963723b6ffbe19c8f05b1f26afe6791cdeb948f4cca2b1d
results/pybughive_hard_first6_by_method_metrics.json	2478	3d2c8d9d94e46d1abf8cd2277c7b6efa56a0681f7506f553e5a7f4e7454bb02e
results/pybughive_hard_first6_by_task_metrics.csv	3222	dd36a11ae104d125a9026fbddbaba947f9cdeeb4c0464b9ac162b30b0fe8fbaf
results/pybughive_hard_first6_by_task_metrics.json	16444	47d2e13ed8dc425a28331fd5e10bcabae271ebc8644ca704b76bb646a5465c93
results/pybughive_hard_first7_by_method_metrics.csv	670	2d1f33f5d08cc6a1a3c07667d1a6ded178ff89004533031d7c760a2a5ce8622f
results/pybughive_hard_first7_by_method_metrics.json	2499	ef5831f2a93df302d43a2debaca6f8fd73016bd2b11cb0981922a334bae4a518
results/pybughive_hard_first7_by_task_metrics.csv	3728	996cf9ce509d8e8d6bae4a4b237f6885cd8eb20bcb4c964e7fc7ea448be4a550
results/pybughive_hard_first7_by_task_metrics.json	19170	5a63833cb3dcaaf3a96bd70d52c2e0a2c25084f673eef5ed5d802adfd49bc94c
results/pybughive_hard_format_shuffled_first6_gpt55_by_task_metrics.csv	858	f935f9535db57249d5c7fe7b1b516ffb3fb2f152d5dd13c818640afcfa2114fd
results/pybughive_hard_format_shuffled_first6_gpt55_by_task_metrics.json	3219	25562994dc48d4c19eb8cf567bac97210657fc33cf1d7d6d3a0b24ba730c7e56
results/pybughive_hard_format_shuffled_first6_gpt55_metrics.csv	347	84da703ef26170192999bfd13ec308ad2a8aa687c53c43bdb10e330de8078d2b
results/pybughive_hard_format_shuffled_first6_gpt55_metrics.json	556	1ee220a1b8b9185e1b73325ee823c93af0f9c821f150eb0c029e5eb3e513dc74
results/pybughive_hard_format_shuffled_first6_gpt55_report.md	5694	d9dade546ce57a28bf02ec0bca1f3f12b5ca4edeed2c73e06c352292e0b2567e
results/pybughive_hard_smoke_setup_report.md	19844	deca97ba508c487089b438b6aec366411a7b0e7598fb5fe4be30de723dee5614
results/pybughive_hard_subset_candidates.csv	15881	256fc771e560efd40666b28b2a61110f1795244be2119a18ce53e70b5e71945f
results/pybughive_hard_subset_plan.md	5225	532bad6bc5206240c6d5e09d2070e358f3fd57512170dac946c0b89061e56984
results/pybughive_hard_verify.csv	2260	35feaaa11858c125602573bf3df7ebebb2c90b5b180ce1ad52c3c22785f9679a
results/pybughive_hard_verify.json	7793	b3a4f9c9440e9f3efb2101e47d81b949abde6c7ae4df0f7b5df6edfc03a4b331
results/pybughive_hard_verify.md	897	241efc60fd8ede7fed252ea127c7dac2f9c6da821e7235fee91c6e919e4d6869
results/pybughive_import_report.md	1512	d0bd740a2ac3bce9e3f1c0fb6c85a2bf819d58663371872d29612cf446ca7e5c
results/pybughive_reproducibility_status.csv	1879	8c0af27adee30d37ac6ba121a1a45b3d7b93cc0a02593ce29b4e3734de941019
results/pybughive_reproducibility_status.json	7591	c581b5d53d53f7b9ab23f1526c55784d089a2c48a616f7cca9735853c7cadfcb
results/pybughive_reproducibility_status.md	1206	d183b208d1199a8d5316c3ff785ecf3c4e24ec165beb16f9f87136c570d94a1d
results/pybughive_train_trajectories_metrics.csv	347	51c3b46573d31d45e7cd8d86c2a6802f2ae5abfc3fc101b4d5cdf35c6703d8ec
results/pybughive_train_trajectories_metrics.json	607	e5250d97d1786ccf69700ce62a989d9033a0c32d6799878ade43a6f120bb72b2
results/pybughive_wsl_environment_check.json	965	9516cbce7b0c30aba0c244e155c1207e58bccb5f23e5016e6b7cb88ddc3e2cc8
results/pybughive_wsl_environment_check.md	701	38320bfed9415fcd44b7119d91a3749385dbc07300fe8e8fd13b201022bdf634
results/pybughive_wsl_py37_subset_status.csv	1528	ef18615f92764b8b005a1aba41f6e0c436388f33f39f97b51e9044448140d622
results/pybughive_wsl_py37_subset_status.json	4892	417330869ae40c8ddd740470560d0d9d56bf5bcb82da237e773e754163867f60
results/pybughive_wsl_py37_subset_status.md	608	c4d093802ea5d049eb7f8ada88e3cf6ca2004a260508d421b4b74e0fb540991a
results/pybughive_wsl_py38_smoke_status.csv	582	57d259e9874b63d2a3bd76cbfa96ef32996d72592e37ab3faa3f9d7f0b0fd888
results/pybughive_wsl_py38_smoke_status.json	1834	1594d6748d985131c4d6e8f1fbeba65529b896044db2cca9d28a7d45f04240f1
results/pybughive_wsl_py38_smoke_status.md	348	37a14c9d1c937cda1966c381c94726afe5f0130b27f2bb29788688a6b37ae54d
results/pybughive_wsl_py38_subset_status.csv	1622	01a1ed7a165fcbefbbc2f85f45c8942defed1be83aa4646f49afda8212fa2dbb
results/pybughive_wsl_py38_subset_status.json	4986	2b0121bc29c5ee61e6bebbc00cdc76c4c411e4be343ef9109a8f5f7a5fb8dad9
results/pybughive_wsl_py38_subset_status.md	654	a939d2dda85e52ea8cead8631eda95eee7cad05b8e4587e84dea4c470c60328b
results/pybughive_wsl_verified_tasks_summary.csv	2509	82327c56c74bd63ec680bc013a39cfdd1ca3924a39cae0eae1cf8059744f4a4f
results/pybughive_wsl_verified_tasks_summary.json	12792	d5144045b242c7c6c7396caa025d0694fe6bc5dcbaa0fdc826a5e031ebb2bcca
results/pybughive_wsl_verified_tasks_summary.md	1068	4deafe17ea767bae431df06be2abc527042c4c9038f5cf421636ac34fe92ecf2
schemas/agent_trace.schema.json	3853	25fa33e3c7e800c44fc55590782cdaee4f7f07ae309be168781bb68532436ce1
schemas/run_manifest.schema.json	4326	f3faeee042f01bd02f635b6e43e5fbcb6dd63da2b9083b8af4b30af6454a2af3
schemas/task.schema.json	5797	3723a30947c426a2e4abd77ca4d55a094d2d600f59c73ff44767e0901258f8ff
schemas/trajectory.schema.json	7397	6ed8af872bd24fdef0ccd416fa91c19bead898acf0fd9932d1ba3fffa22a9fc3
scripts/_schema_validate.py	4779	d5c5204c1832e5985384bf421dbff1aae7e493363427f41bb6a278214bd5abc9
scripts/analyze_review_uncertainty.py	11625	a9a9617656c9aa146cc2be28997dedb9b97fd5874a8ddfa50f0f327d83f9f8a5
scripts/build_run_prompts.py	7977	1059e618cdbbba7c07c5bae429e42f5464d92bc6a73b817c3e0aeeb9bc479cc7
scripts/check_pybughive_environment.py	8510	22a4e6df30e8df56f24371d0dd0516d1ffc789788ea998bad3311e3c52ef82f5
scripts/compute_metrics.py	9991	f41e79e53e3931abfdb740dabd5fe8f2b60a6ad2ab661a5d4799b13b53453af1
scripts/create_agenticdev_artifact.py	22619	d2c9b7e2303b67deab6095e22325d6cb342bbf121a2d2fa2f030de6579308148
scripts/create_github_export.py	6457	5516fdba3738fc2928a730ddcb50893c945c77e2cf61f4288bc11b78eaeeb2f0
scripts/create_run_manifest.py	8840	550d73db48744f658b715e3393fcac14ee73d5ce6b4c556f4931a460299e56ef
scripts/create_task.py	4041	0b0999df192411c05aa29e03d38852a46c4071eb96cb856616473def0d9ecbe1
scripts/generate_memory_artifacts.py	14556	6ee7f1207f264f8cae4a198ef7cdb40f0b082c8eb01b41efefa9e5b13cd32e27
scripts/import_pybughive_tasks.py	20448	e67271684f765873f459b72c476bf87c6e5a6ddfee11fb14efc210cbc68addd1
scripts/induce_skill.py	6900	72ce44ed113e9e4eb8030b2d3abc6d1a0f19f079e50f374d82ec960a96f696ef
scripts/make_format_shuffled_skill.py	3211	b30908de57b7570862a0890e3ccd147867b3c6b962d52746a1a77ab8d66d6d60
scripts/make_paper_results.py	38675	90f3b8f135fce7d8968f9b7817b018a5f7255c00475faa6adef8792c7a759fba
scripts/mock_agent_patch.py	3509	85f3236064ca26c4bde45a7f85eab840c90e9a7f6cc950491fc4d13088acfb85
scripts/preflight_experiment.py	9388	3f4542ca7a37ccb07bd92df0d176cf80ad5e55eedc3ef980b4c06a7d228083eb
scripts/prepare_runs.py	3725	faa0e7684f23ae534c81ca21aa7031879f09e841019914edd3e6637d26bc836d
scripts/prepare_task.py	14640	f919585a37fecc16aab8510e07426fff731a90fe8acfa863343f05a7d28d867c
scripts/record_trajectory.py	10234	fd7b16fffa88f0a382ce46f42d253658cdaa710cd2a2534540a1671291120509
scripts/repair_codex_token_counts.py	4916	e8403a3e665655a3579042608558a93cb69cef16288560089ea9e02b8fa6d108
scripts/run_codex_agent.py	10979	59d7a7f6469256069fd1c8bf9adfc80231eb05330a21451b1ffca2730325583c
scripts/run_external_agent.py	25039	d2522a00b1e713b60da53c00fd669e84379846f032a296ec38ed4a85b4477d30
scripts/run_manual_smoke_pilot.py	9604	8f60e45c189482a196397e1e10554adc2f8cade19130e4f6dd919ed97bfa7b05
scripts/select_pybughive_hard_subset.py	16290	3b70aa3b366c6a4951a08a9fe7d95674e9fcf3b5710e19521c48cbabc9186f35
scripts/set_manifest_model.py	1406	d94c68406dc4264965409ee47da5d0898dd61a3ba6aa16b41e3a1ce27cfc6536
scripts/validate_artifact_inventory.py	3897	c9b625513a0eb4edc90872e163d5134401c65d6fb42b2405b20fcacd47085232
scripts/validate_project_page.py	4726	74660fb81a9710e119081146b09a5c5cd8ad93519b4b99190445aab176de9ddd
scripts/validate_run_manifest.py	470	95dff723fa3d7a06d1d098502ea6772f4df923fff10b8f525d5b4886dd26c8aa
scripts/validate_task.py	465	357195d24ed7e5e21f89ba2f14c0cd82cb45a9a2b9bd9587fa7fec0b87b903ec
scripts/validate_trajectory.py	473	74e15fd8057c576e2b130f663829b9b9da4b0ebb9a65858d5e35a4f292615472
scripts/verify_pybughive_tasks.py	11753	074ea684ff074c8d578f82918d5987d4a25566b597fb6352778d306c95408129
supplementary_harness_validation/manifests/pybughive_heldout_memory_baselines_codex.json	66886	8c1a5d1c8162f50c975a11dade38cbc2fcd2e2e860ad7210f1654a0bb8e0b36f
supplementary_harness_validation/results/pybughive_heldout_final_metrics.csv	1004	f7c86e2683d02f3ec7872a5db213d13762216288626b703159d270506d9392bd
supplementary_harness_validation/results/pybughive_heldout_final_metrics.json	3916	d5131f2eee73d43b9978eb5fc4ef0547bd24be3a786ec1656f34313fcc52d961
supplementary_harness_validation/results/pybughive_pipeline_status.md	8967	3bbe2c1a287bf136400e5804b457feaa0a3847bf6a9cb5c3f0121c9b42bc2caa
supplementary_harness_validation/results/pybughive_results_memo.md	8360	101fe07714ede7df69aa7ef7071af04f79fb881525e07282f476c5be34a9c83a
supplementary_harness_validation/results/pybughive_task_breakdown.md	3903	1af64eb149647fd92b92f35f7eeda84956564911c47e72a6e50b384c2662bd94
supplementary_harness_validation/tasks/pybughive/heldout/pybughive_black_1493.json	2004	fb2178ec38cf869184eb5b2fda7acc3994098dd95d86cad5a2e989e0ec4d1a5e
supplementary_harness_validation/tasks/pybughive/heldout/pybughive_black_185.json	2014	b59c343597eec314d680d987e5cdcd519b4159b45e4038c7f7ef1061338726e3
supplementary_harness_validation/tasks/pybughive/heldout/pybughive_black_389.json	2080	3c43c36e2900e7093582223e50689fca15178f2947e7ea4dbbfaaa8b899ed82e
supplementary_harness_validation/tasks/pybughive/heldout/pybughive_black_59.json	2027	a602731026e1489bdbea899fa80c2af9b07439594e9d32504dd4d4688ff13343
supplementary_harness_validation/tasks/pybughive/heldout/pybughive_discord_py_7818.json	1961	b14b1f535375494601f7e8b28c83889ee1f3c344963a29cbc031b3d3df7ea87e
supplementary_harness_validation/tasks/pybughive/heldout/pybughive_scrapy_1265.json	2231	4b548fd06d300e8d915f310a7b08ec07385a457e9626f89220c9a1ffe911c4b3
supplementary_harness_validation/tasks/pybughive/heldout/pybughive_scrapy_2552.json	2047	8e43a94e2895d75f3da84c145d305c903b778c23df65f57acdbfe3332e8405f4
supplementary_harness_validation/trajectories/pybughive_heldout_memory_baselines/pybughive_heldout_memory_baselines_pybughive_black_1493_auto_skill_seed1.json	2107	9328ea3351fe33aa5bcf9538adf4faa39f449911f05a768c87afb04ef6176ada
supplementary_harness_validation/trajectories/pybughive_heldout_memory_baselines/pybughive_heldout_memory_baselines_pybughive_black_1493_format_shuffled_skill_seed1.json	3155	719aa1b0adf1c87f2ca8fe311d336e4ddd45ef9acc6a91672e4fe7010583072a
supplementary_harness_validation/trajectories/pybughive_heldout_memory_baselines/pybughive_heldout_memory_baselines_pybughive_black_1493_generic_checklist_seed1.json	2153	f78e12fe150c5d70be80be97ee925edc9bd55a2c7d8b0e90848f966f4ff4b0e9
supplementary_harness_validation/trajectories/pybughive_heldout_memory_baselines/pybughive_heldout_memory_baselines_pybughive_black_1493_length_matched_reflexion_seed1.json	2234	dcc3a62442289c46a7481097015f0b6c2cc023921332cd80b01a60ce46a60b75
supplementary_harness_validation/trajectories/pybughive_heldout_memory_baselines/pybughive_heldout_memory_baselines_pybughive_black_1493_no_memory_seed1.json	3083	6e22392145c0ec8854f37d165a470d3813153aef1d7f827b734a981fa31bad82
supplementary_harness_validation/trajectories/pybughive_heldout_memory_baselines/pybughive_heldout_memory_baselines_pybughive_black_1493_raw_trajectory_retrieval_seed1.json	2588	091c71f29e21f624e908733b511ce9f3d0139c8c8536dbead366fae15bcb0edc
supplementary_harness_validation/trajectories/pybughive_heldout_memory_baselines/pybughive_heldout_memory_baselines_pybughive_black_1493_reflexion_seed1.json	2816	9b2c81d853b47d292ad59993e79327aedde5082a6f93dead432467066a94b0ff
supplementary_harness_validation/trajectories/pybughive_heldout_memory_baselines/pybughive_heldout_memory_baselines_pybughive_black_185_auto_skill_seed1.json	2052	a36432ba452cba741de1ada7fde7e607843aac76f93adb08ec79dbcf11d0cf7d
supplementary_harness_validation/trajectories/pybughive_heldout_memory_baselines/pybughive_heldout_memory_baselines_pybughive_black_185_format_shuffled_skill_seed1.json	4132	5cdd93612b13773d0f67f85b958cfab6f8d04d2b866eb0da3372f0fac68ca7a2
supplementary_harness_validation/trajectories/pybughive_heldout_memory_baselines/pybughive_heldout_memory_baselines_pybughive_black_185_generic_checklist_seed1.json	2903	0accf95146afa3d7e5be7161a17fa01318476062b64c309004660aa971c19ae0
supplementary_harness_validation/trajectories/pybughive_heldout_memory_baselines/pybughive_heldout_memory_baselines_pybughive_black_185_length_matched_reflexion_seed1.json	3896	7b35a2b99ce7599f5149d50b3f59d0f7cdde9122c67cc896a0312aef4aee2cbc
supplementary_harness_validation/trajectories/pybughive_heldout_memory_baselines/pybughive_heldout_memory_baselines_pybughive_black_185_no_memory_seed1.json	3127	2e08787f9f470b7c538402c69c653466217c69233aa32825a4c18945055076ae
supplementary_harness_validation/trajectories/pybughive_heldout_memory_baselines/pybughive_heldout_memory_baselines_pybughive_black_185_raw_trajectory_retrieval_seed1.json	2605	50d2af6d21012c6c1e99a26a32e44517c774a3c663cd53e2c2fa7244bbc5019f
supplementary_harness_validation/trajectories/pybughive_heldout_memory_baselines/pybughive_heldout_memory_baselines_pybughive_black_185_reflexion_seed1.json	3559	b595d9a13714f6ca3c672f285ae6ec82c0e2b2360bf0398c570f0a7ef3f8a436
supplementary_harness_validation/trajectories/pybughive_heldout_memory_baselines/pybughive_heldout_memory_baselines_pybughive_black_389_auto_skill_seed1.json	4077	0bb0798a28842f79f0f0d818756762315c1b8b9f2b3bf94a4195a3128869b753
supplementary_harness_validation/trajectories/pybughive_heldout_memory_baselines/pybughive_heldout_memory_baselines_pybughive_black_389_format_shuffled_skill_seed1.json	2631	d46ea2742d30962f94cc343780372bda3d78f5e57a4b430bb055f9e4eda49622
supplementary_harness_validation/trajectories/pybughive_heldout_memory_baselines/pybughive_heldout_memory_baselines_pybughive_black_389_generic_checklist_seed1.json	2394	f840a79e2c0a49a31ac02ec44cd4ac56380a7c8d933af6630d895e429e6012a5
supplementary_harness_validation/trajectories/pybughive_heldout_memory_baselines/pybughive_heldout_memory_baselines_pybughive_black_389_length_matched_reflexion_seed1.json	2541	7deacaf22538b4a297620123bd3ae4f32d0501edc9ba36c2594783e1f3cbe17e
supplementary_harness_validation/trajectories/pybughive_heldout_memory_baselines/pybughive_heldout_memory_baselines_pybughive_black_389_no_memory_seed1.json	3414	b9edcd4ca34218904a5ade21ec07a5e5d0e03165075652508305944c89cb3879
supplementary_harness_validation/trajectories/pybughive_heldout_memory_baselines/pybughive_heldout_memory_baselines_pybughive_black_389_raw_trajectory_retrieval_seed1.json	2470	0a57456d7a2623d23d6ba8a17a2543495f049001e0f9b0149645341a903d084b
supplementary_harness_validation/trajectories/pybughive_heldout_memory_baselines/pybughive_heldout_memory_baselines_pybughive_black_389_reflexion_seed1.json	2932	f4a9a19c0e737669cb2ef89191dfa663bcb3c5518d17ac21b6250f3286739b61
supplementary_harness_validation/trajectories/pybughive_heldout_memory_baselines/pybughive_heldout_memory_baselines_pybughive_black_59_auto_skill_seed1.json	3095	1ebe5be1f8e6ad19c06e0c5349d5e2ed9787aa8028067a32bdc6acd25cd05181
supplementary_harness_validation/trajectories/pybughive_heldout_memory_baselines/pybughive_heldout_memory_baselines_pybughive_black_59_format_shuffled_skill_seed1.json	1526	84fd6eeffbce5ce8ad9b484ff04316a93eb4d587c8280fb0dc54029b6363168b
supplementary_harness_validation/trajectories/pybughive_heldout_memory_baselines/pybughive_heldout_memory_baselines_pybughive_black_59_generic_checklist_seed1.json	3387	7df465acfe0073b843503890e29109713aa19578ed64ece23cc6bac1ec6c3510
supplementary_harness_validation/trajectories/pybughive_heldout_memory_baselines/pybughive_heldout_memory_baselines_pybughive_black_59_length_matched_reflexion_seed1.json	4421	8209d0bdc6a0e030d34d1fdcb631377373c851c7c9cc3d889a70ea12dc8f7706
supplementary_harness_validation/trajectories/pybughive_heldout_memory_baselines/pybughive_heldout_memory_baselines_pybughive_black_59_no_memory_seed1.json	3245	b15fc00596c2ba168870250a134852d2746e5ef7138f94eb5f9944e916b590bb
supplementary_harness_validation/trajectories/pybughive_heldout_memory_baselines/pybughive_heldout_memory_baselines_pybughive_black_59_raw_trajectory_retrieval_seed1.json	1568	2476a9ef3d6d1494bca832a1cc53d2fae4176d7a0fc3c14621db2ced074005ae
supplementary_harness_validation/trajectories/pybughive_heldout_memory_baselines/pybughive_heldout_memory_baselines_pybughive_black_59_reflexion_seed1.json	2548	b9dc685e414dc3d066ba49be6c6a4b0300b286b94f4e1a17d8fb6b5b325258da
supplementary_harness_validation/trajectories/pybughive_heldout_memory_baselines/pybughive_heldout_memory_baselines_pybughive_discord_py_7818_auto_skill_seed1.json	3396	f6ba0f932b181cb85659a215eb3c0eeb3f66438b0b2838f7a19ddbf4f47888f2
supplementary_harness_validation/trajectories/pybughive_heldout_memory_baselines/pybughive_heldout_memory_baselines_pybughive_discord_py_7818_format_shuffled_skill_seed1.json	4354	f24103f241cdcf5003f5ce92af34b80fb681968b901b6ee14bf907ec846fe3cd
supplementary_harness_validation/trajectories/pybughive_heldout_memory_baselines/pybughive_heldout_memory_baselines_pybughive_discord_py_7818_generic_checklist_seed1.json	4613	47bce31528510530c03faa36e6e606fd25eb41b03cfcb2fc51f946925fa531eb
supplementary_harness_validation/trajectories/pybughive_heldout_memory_baselines/pybughive_heldout_memory_baselines_pybughive_discord_py_7818_length_matched_reflexion_seed1.json	3658	c966314804605177f9acfeb0c7e1700b847f577d83b35eafe8ea0e7720492bae
supplementary_harness_validation/trajectories/pybughive_heldout_memory_baselines/pybughive_heldout_memory_baselines_pybughive_discord_py_7818_no_memory_seed1.json	3522	0de12279f32a1e0caff7f0ca1cd74e606cfa7dffa7f595d0a6ad78f6a7713a0e
supplementary_harness_validation/trajectories/pybughive_heldout_memory_baselines/pybughive_heldout_memory_baselines_pybughive_discord_py_7818_raw_trajectory_retrieval_seed1.json	2773	483c112ada0e67be06c2cb14f0c88d8f2ac07971a1f59b874a09131ea03dfe2e
supplementary_harness_validation/trajectories/pybughive_heldout_memory_baselines/pybughive_heldout_memory_baselines_pybughive_discord_py_7818_reflexion_seed1.json	3715	227e9e272dd00e6f1b70437cf22dfb39ff0dd5319766423d456d73161fd92ac1
supplementary_harness_validation/trajectories/pybughive_heldout_memory_baselines/pybughive_heldout_memory_baselines_pybughive_scrapy_1265_auto_skill_seed1.json	3224	c2fb36ac8a6e356638f26ffe608bf464328bdd28c3e73c5530cd29a429cdb330
supplementary_harness_validation/trajectories/pybughive_heldout_memory_baselines/pybughive_heldout_memory_baselines_pybughive_scrapy_1265_format_shuffled_skill_seed1.json	2640	f14bc908b1fc71438626b5811ab063d7e4894c0aa3b27337e82cc3320002fff7
supplementary_harness_validation/trajectories/pybughive_heldout_memory_baselines/pybughive_heldout_memory_baselines_pybughive_scrapy_1265_generic_checklist_seed1.json	2874	7f6d26f92770d228ef64cd680a2e37b4e07009053be1d3160320a7bf13459b6a
supplementary_harness_validation/trajectories/pybughive_heldout_memory_baselines/pybughive_heldout_memory_baselines_pybughive_scrapy_1265_length_matched_reflexion_seed1.json	3040	b1128a28db1d6ee65b07cf67e095f7adb11ce337ed08dd7761c20598da31f7f6
supplementary_harness_validation/trajectories/pybughive_heldout_memory_baselines/pybughive_heldout_memory_baselines_pybughive_scrapy_1265_no_memory_seed1.json	3140	2141dbdc9c24a5e9c4f8f7603e0250bb15228c082efa9de681c0edfa59729da2
supplementary_harness_validation/trajectories/pybughive_heldout_memory_baselines/pybughive_heldout_memory_baselines_pybughive_scrapy_1265_raw_trajectory_retrieval_seed1.json	2680	b775d15c1f590984b670c6064362462680b2eaf5084514f95ca162d6f0d87a53
supplementary_harness_validation/trajectories/pybughive_heldout_memory_baselines/pybughive_heldout_memory_baselines_pybughive_scrapy_1265_reflexion_seed1.json	2593	2c416d761b197fc0796ae431249446bd5fcf3a005a42810c77fa625f65e8b087
supplementary_harness_validation/trajectories/pybughive_heldout_memory_baselines/pybughive_heldout_memory_baselines_pybughive_scrapy_2552_auto_skill_seed1.json	2568	a6a61eb256ec43147c2171721ff6c6ee58d382f0d6f3345e059b0421f4b19382
supplementary_harness_validation/trajectories/pybughive_heldout_memory_baselines/pybughive_heldout_memory_baselines_pybughive_scrapy_2552_format_shuffled_skill_seed1.json	2602	74bb0525362467c8a4b872ca7f24284766c0df748c2037d4565c10d1055a946b
supplementary_harness_validation/trajectories/pybughive_heldout_memory_baselines/pybughive_heldout_memory_baselines_pybughive_scrapy_2552_generic_checklist_seed1.json	2570	cb925222806fc8db21c0db1f8074a51df0728318e9b2ed9634fcf28e0177cd9a
supplementary_harness_validation/trajectories/pybughive_heldout_memory_baselines/pybughive_heldout_memory_baselines_pybughive_scrapy_2552_length_matched_reflexion_seed1.json	2623	c125df6941170e0294cffc439bd108bd2b141ecdb303efbfcdfc839cd181ba00
supplementary_harness_validation/trajectories/pybughive_heldout_memory_baselines/pybughive_heldout_memory_baselines_pybughive_scrapy_2552_no_memory_seed1.json	2526	769c53d2b1c34df8673efc90c4d086d5db7acbf6730cb4f3369a4ff824c93891
supplementary_harness_validation/trajectories/pybughive_heldout_memory_baselines/pybughive_heldout_memory_baselines_pybughive_scrapy_2552_raw_trajectory_retrieval_seed1.json	2108	cb3c35b7a5d34f344061741b65f5bfd31a310b476be65056e24e71e185db15e8
supplementary_harness_validation/trajectories/pybughive_heldout_memory_baselines/pybughive_heldout_memory_baselines_pybughive_scrapy_2552_reflexion_seed1.json	2509	3d605b63cbb8a7493b8fa2a612fa5b36c0dbd957fa835c6aeff697ab348d1917
task_sets/exploratory_all7/pybughive_black_132.json	2208	06198a498ada01b7388406c74a96e7366065f3ea58a4ca5a7c8f8ec3e0fff322
task_sets/exploratory_all7/pybughive_black_133.json	2082	d7bcd9fcb79ae7e4b48369e09cc2dde5efb9de5f8c00b8d080fee24a439b9677
task_sets/exploratory_all7/pybughive_black_154.json	2186	416b63972e8ad1179ab95e60e4ddebc1821308ae184a4b0ca0fa135b3f88e016
task_sets/exploratory_all7/pybughive_black_183.json	2112	9d5b9e25630bd600e79404eadf5b69c203d7e6c4cd7aac8ef5c5842b5a70d673
task_sets/exploratory_all7/pybughive_black_193.json	2132	59cab12089aaa5bffd69c10ddd72d78a5c81114df3853a7d63174461f68e7fe2
task_sets/exploratory_all7/pybughive_black_232.json	2084	43900a2473de3bd469e79ade22ec8bc7791919a837adb56f1284a5f8a25e2dcd
task_sets/exploratory_all7/pybughive_black_234.json	2108	f3939ede6e94d270b45f3b91f65a93c319a70ca3bab3a6003600466f506f6ea6
task_sets/induction_train_k3/pybughive_black_297.json	2043	acfbe6993429a0a3f94c49028c1adb4c74ba069251eab989e71c13790ac1143d
task_sets/induction_train_k3/pybughive_cookiecutter_1513.json	2204	a823c091a95c2f3f7f08dd1c87ed442ffa9f146cf2593c6def66f5133fdaaf89
task_sets/induction_train_k3/pybughive_discord_py_7676.json	1891	9ac1d492bb202b0ec2b244d8c49d0e3112e48f843e98eed29663a352668a4d67
task_sets/primary_first6/pybughive_black_132.json	2208	06198a498ada01b7388406c74a96e7366065f3ea58a4ca5a7c8f8ec3e0fff322
task_sets/primary_first6/pybughive_black_133.json	2082	d7bcd9fcb79ae7e4b48369e09cc2dde5efb9de5f8c00b8d080fee24a439b9677
task_sets/primary_first6/pybughive_black_154.json	2186	416b63972e8ad1179ab95e60e4ddebc1821308ae184a4b0ca0fa135b3f88e016
task_sets/primary_first6/pybughive_black_183.json	2112	9d5b9e25630bd600e79404eadf5b69c203d7e6c4cd7aac8ef5c5842b5a70d673
task_sets/primary_first6/pybughive_black_193.json	2132	59cab12089aaa5bffd69c10ddd72d78a5c81114df3853a7d63174461f68e7fe2
task_sets/primary_first6/pybughive_black_232.json	2084	43900a2473de3bd469e79ade22ec8bc7791919a837adb56f1284a5f8a25e2dcd
tasks/pybughive/train/pybughive_black_297.json	2043	acfbe6993429a0a3f94c49028c1adb4c74ba069251eab989e71c13790ac1143d
tasks/pybughive/train/pybughive_cookiecutter_1513.json	2204	a823c091a95c2f3f7f08dd1c87ed442ffa9f146cf2593c6def66f5133fdaaf89
tasks/pybughive/train/pybughive_discord_py_7676.json	1891	9ac1d492bb202b0ec2b244d8c49d0e3112e48f843e98eed29663a352668a4d67
tasks/pybughive_hard/heldout/pybughive_black_132.json	2208	06198a498ada01b7388406c74a96e7366065f3ea58a4ca5a7c8f8ec3e0fff322
tasks/pybughive_hard/heldout/pybughive_black_133.json	2082	d7bcd9fcb79ae7e4b48369e09cc2dde5efb9de5f8c00b8d080fee24a439b9677
tasks/pybughive_hard/heldout/pybughive_black_154.json	2186	416b63972e8ad1179ab95e60e4ddebc1821308ae184a4b0ca0fa135b3f88e016
tasks/pybughive_hard/heldout/pybughive_black_1632.json	2293	047189703a1ba4c1a67291e5c3163691b214c4dd30f252135b552c7624d06f6e
tasks/pybughive_hard/heldout/pybughive_black_183.json	2112	9d5b9e25630bd600e79404eadf5b69c203d7e6c4cd7aac8ef5c5842b5a70d673
tasks/pybughive_hard/heldout/pybughive_black_193.json	2132	59cab12089aaa5bffd69c10ddd72d78a5c81114df3853a7d63174461f68e7fe2
tasks/pybughive_hard/heldout/pybughive_black_232.json	2084	43900a2473de3bd469e79ade22ec8bc7791919a837adb56f1284a5f8a25e2dcd
tasks/pybughive_hard/heldout/pybughive_black_234.json	2108	f3939ede6e94d270b45f3b91f65a93c319a70ca3bab3a6003600466f506f6ea6
trajectories/pybughive_hard_auto_skill_first6/pybughive_hard_auto_skill_first6_pybughive_black_132_auto_skill_seed1.json	4922	d424e5d499b68dfed6b33af1b4396f447abaf43e98c0f992902a3c7b335ee8fe
trajectories/pybughive_hard_auto_skill_first6/pybughive_hard_auto_skill_first6_pybughive_black_133_auto_skill_seed1.json	4236	6d2df25854006c2cc23235cc3c47946ba5ebf5331d0e417ee9bd6810b5ebca17
trajectories/pybughive_hard_auto_skill_first6/pybughive_hard_auto_skill_first6_pybughive_black_154_auto_skill_seed1.json	4311	a3923410f8a2baf646c1c4d9ce7e5bd680c850a0f2158e18a5f68c38614dc867
trajectories/pybughive_hard_auto_skill_first6/pybughive_hard_auto_skill_first6_pybughive_black_183_auto_skill_seed1.json	3270	56ea26ea46572c8cbbc8e4aafc2567ac71bd88f2cea77a88088bf9784a83b771
trajectories/pybughive_hard_auto_skill_first6/pybughive_hard_auto_skill_first6_pybughive_black_193_auto_skill_seed1.json	3919	8b9f366c56942f4ac3fb5fe98afdaf29de640c88af1eea7fe4dfec94c89dd98b
trajectories/pybughive_hard_auto_skill_first6/pybughive_hard_auto_skill_first6_pybughive_black_232_auto_skill_seed1.json	4620	b93ed95188169d44adb4ec824bbab80faf8f13b4c3ee23254b5b1b52a2d856ef
trajectories/pybughive_hard_format_shuffled_first6/pybughive_hard_format_shuffled_first6_pybughive_black_132_format_shuffled_skill_seed1.json	5064	9b4a55cc7d893d8f7da3f5a24b8debdc4ede4b47ac5ac174b4281bfe95079285
trajectories/pybughive_hard_format_shuffled_first6/pybughive_hard_format_shuffled_first6_pybughive_black_133_format_shuffled_skill_seed1.json	4527	936d3051a85c3948a2d312c0b3f55eafe9856c1ad391824234242b700c8f29cc
trajectories/pybughive_hard_format_shuffled_first6/pybughive_hard_format_shuffled_first6_pybughive_black_154_format_shuffled_skill_seed1.json	5143	0edd9a9a25f7365771b6d382b913a3a53e810ae6a9f8e97b1856bb75ff71e50a
trajectories/pybughive_hard_format_shuffled_first6/pybughive_hard_format_shuffled_first6_pybughive_black_183_format_shuffled_skill_seed1.json	3070	760b02c5fac4b3d3d5a144cf75a41cb5864b877b801235c1ad06546188c14423
trajectories/pybughive_hard_format_shuffled_first6/pybughive_hard_format_shuffled_first6_pybughive_black_193_format_shuffled_skill_seed1.json	5978	5d14f7ede443eeb8bd4e156cffc01d433b0e8687b42451008381e211ac8922fe
trajectories/pybughive_hard_format_shuffled_first6/pybughive_hard_format_shuffled_first6_pybughive_black_232_format_shuffled_skill_seed1.json	4582	2f091f60a182a377d3d5a38f2f79e94d6c8fd1f1aa92e62443ed188cd64f4f99
trajectories/pybughive_hard_smoke/pybughive_hard_smoke_pybughive_black_132_auto_skill_seed1.json	4153	05426bc3d208618af2717efed98bd7db0b020a10f31ba3584e12c813b4ac6574
trajectories/pybughive_hard_smoke/pybughive_hard_smoke_pybughive_black_132_generic_checklist_seed1.json	4471	866e1dbb9dec00caa8bbc950d73f008928a812cd3d4c2dd1add4c8024797a358
trajectories/pybughive_hard_smoke/pybughive_hard_smoke_pybughive_black_132_length_matched_reflexion_seed1.json	3809	89a91404054b514f2e00980e101620e23714510745bfcb7c68a01e26c30a9118
trajectories/pybughive_hard_smoke/pybughive_hard_smoke_pybughive_black_132_no_memory_seed1.json	4300	f9c9ce704c32b266cdd29c34a869a22e266e6b02e2ccd35191cda56ea7b21669
trajectories/pybughive_hard_smoke/pybughive_hard_smoke_pybughive_black_132_reflexion_seed1.json	3399	388f272feeaf2523d693662bdd67e9e929d173f2ff34fae9554c69b4001e99f0
trajectories/pybughive_hard_smoke/pybughive_hard_smoke_pybughive_black_133_auto_skill_seed1.json	2338	966720301429862aaf435ede3145272b136410679fc5ee4f6936ce9a8d5f685e
trajectories/pybughive_hard_smoke/pybughive_hard_smoke_pybughive_black_133_generic_checklist_seed1.json	2293	b265d358a58f934cbda9c8cda7f1f260f6a0637dbc5eebb58bf070514a61a020
trajectories/pybughive_hard_smoke/pybughive_hard_smoke_pybughive_black_133_length_matched_reflexion_seed1.json	2585	3ffac1cbef9c07601f456fb5f9f40ba73f6c7a115b6e4f80020fc92264fb3ff2
trajectories/pybughive_hard_smoke/pybughive_hard_smoke_pybughive_black_133_no_memory_seed1.json	3567	a7d5856791794f9c7138f2d95528262df438512aeb670e8d50c7da6bcf118c50
trajectories/pybughive_hard_smoke/pybughive_hard_smoke_pybughive_black_133_reflexion_seed1.json	3877	203fc9f4b9cc4de194d928c3db76cdb85b1c28e73e34ef47245cd3e2bb49c0f1
trajectories/pybughive_hard_smoke/pybughive_hard_smoke_pybughive_black_154_auto_skill_seed1.json	4392	99db8f9c5c72c163bf8962a147632a0bcb2e8dca07e8377ada5485f4bcf64bf5
trajectories/pybughive_hard_smoke/pybughive_hard_smoke_pybughive_black_154_generic_checklist_seed1.json	4523	14937208f618b322bf3f4c77498c2d6719b591e58e106bd9113899e528072a69
trajectories/pybughive_hard_smoke/pybughive_hard_smoke_pybughive_black_154_length_matched_reflexion_seed1.json	4806	8e012a2e5568cb59265058065ecb71ec6b3bd27257e5b248cca3041aac322585
trajectories/pybughive_hard_smoke/pybughive_hard_smoke_pybughive_black_154_no_memory_seed1.json	4386	b926448ed1622c8767e89a674f2d65dae2054c9e753e50b20a07a89816ca61d6
trajectories/pybughive_hard_smoke/pybughive_hard_smoke_pybughive_black_154_reflexion_seed1.json	5354	4baa33fae75aa31b78473cc2a0a6cf1f57eabc935b4d363767f895fc8ed1fc6e
trajectories/pybughive_hard_smoke/pybughive_hard_smoke_pybughive_black_183_auto_skill_seed1.json	2914	39cd6ebf640e0dbad3a6e07c11f51d017444c097eebd5927b1a8536d078cad9b
trajectories/pybughive_hard_smoke/pybughive_hard_smoke_pybughive_black_183_generic_checklist_seed1.json	2480	32f0e544672cc0d42e0ddf7ab41ad457962b7ab1d224921831255022d4550519
trajectories/pybughive_hard_smoke/pybughive_hard_smoke_pybughive_black_183_length_matched_reflexion_seed1.json	4372	ef9af62793e4b038ecc5e803909d792de84d59ac937d64a0aa9d7ae6ced28f8d
trajectories/pybughive_hard_smoke/pybughive_hard_smoke_pybughive_black_183_no_memory_seed1.json	3861	63392ae0c2a5d4829e8c1f1ac377d604ed538b083169b84068599aa7d64337d7
trajectories/pybughive_hard_smoke/pybughive_hard_smoke_pybughive_black_183_reflexion_seed1.json	3139	eba7d129067e5c9f4dc291e4392864f34c6558dd82909b351bebad1141e54676
trajectories/pybughive_hard_smoke/pybughive_hard_smoke_pybughive_black_193_auto_skill_seed1.json	4335	4079caa4cc1eee7f576c549f6431e1316ae93e4d03c3df5088bf7148130121a4
trajectories/pybughive_hard_smoke/pybughive_hard_smoke_pybughive_black_193_generic_checklist_seed1.json	5465	105b020b54edf4489acf325f7315f42e6b9b20b734b12095df22e38772b3e869
trajectories/pybughive_hard_smoke/pybughive_hard_smoke_pybughive_black_193_length_matched_reflexion_seed1.json	4136	5fba3a920d8ff93486c60bc7990be57b60c28a028619401c4859bc303f15bf4e
trajectories/pybughive_hard_smoke/pybughive_hard_smoke_pybughive_black_193_no_memory_seed1.json	2421	b0d6636c496996dc1f6d99720680c4530d2d5ed368e2625d049b43bfc1bca272
trajectories/pybughive_hard_smoke/pybughive_hard_smoke_pybughive_black_193_reflexion_seed1.json	4119	e7f15fad4e0222d62c287cd58f4449d2d5a5ef0dadd20b15d18cb964008bd77c
trajectories/pybughive_hard_smoke/pybughive_hard_smoke_pybughive_black_232_auto_skill_seed1.json	2277	3451bded67ff0235df6d025ef4ece21d7b0640e22c0ca04ab1d32c885e0a3ed2
trajectories/pybughive_hard_smoke/pybughive_hard_smoke_pybughive_black_232_generic_checklist_seed1.json	3382	455b1ca477ff3e9c5d0379443d6f7410e7eb06223087c92069aa25531e23b889
trajectories/pybughive_hard_smoke/pybughive_hard_smoke_pybughive_black_232_length_matched_reflexion_seed1.json	4931	e24de798045d75524d709bb76382eda16b9554f12b899a023acc567157591c73
trajectories/pybughive_hard_smoke/pybughive_hard_smoke_pybughive_black_232_no_memory_seed1.json	4407	5ea11b0fdd1e70594dbd726f4d627a8eb88ca784f75545dd6e1cee2da294d71c
trajectories/pybughive_hard_smoke/pybughive_hard_smoke_pybughive_black_232_reflexion_seed1.json	3942	1d08cd47b0fa0c8e01abf3ae86a65a24c5478ae938fae15fbd6a3ece7efe3437
trajectories/pybughive_hard_smoke/pybughive_hard_smoke_pybughive_black_234_auto_skill_seed1.json	4657	3d9d551e42df9066a5c336b5e97f5380f38e03ca991db16fa18ca0028d66a882
trajectories/pybughive_hard_smoke/pybughive_hard_smoke_pybughive_black_234_generic_checklist_seed1.json	3458	35c3095e8ccaef0c64f82546dce7beb4e1efcb5205f7cb58669142fb312afc3e
trajectories/pybughive_hard_smoke/pybughive_hard_smoke_pybughive_black_234_length_matched_reflexion_seed1.json	2877	ae254076522c1ba4817da8be9ed22f9b134c2fa8d8255928a3fbed0e16d0069c
trajectories/pybughive_hard_smoke/pybughive_hard_smoke_pybughive_black_234_no_memory_seed1.json	2822	96ff00b8c74d0459ba82b92ab34fd1c60234926ea2ddcb7ef264206c2934f3bd
trajectories/pybughive_hard_smoke/pybughive_hard_smoke_pybughive_black_234_reflexion_seed1.json	2990	4ee7ed493e7bcf96f1ee1a069826ef87330caba67344c63af9f8b4c89f11281d
trajectories/pybughive_train_trajectories/pybughive_train_trajectories_pybughive_black_297_no_memory_seed1.json	2354	c6b9a0b73aafd78ce68bf05a0032d384e17c8e2d4143578b0ab81513179b0b3e
trajectories/pybughive_train_trajectories/pybughive_train_trajectories_pybughive_cookiecutter_1513_no_memory_seed1.json	2807	2475a0b82b4e092fbfe34e0863b49d6bcd15fb58b161bfa3ce9632851bb92f32
trajectories/pybughive_train_trajectories/pybughive_train_trajectories_pybughive_discord_py_7676_no_memory_seed1.json	2141	388868116bf1298a1e6eb177f5918d860c1665a6f8f04d9e5ab35f88ec30cca5
trajectory_sets/exploratory_all7/pybughive_hard_smoke_pybughive_black_132_auto_skill_seed1.json	4153	05426bc3d208618af2717efed98bd7db0b020a10f31ba3584e12c813b4ac6574
trajectory_sets/exploratory_all7/pybughive_hard_smoke_pybughive_black_132_generic_checklist_seed1.json	4471	866e1dbb9dec00caa8bbc950d73f008928a812cd3d4c2dd1add4c8024797a358
trajectory_sets/exploratory_all7/pybughive_hard_smoke_pybughive_black_132_length_matched_reflexion_seed1.json	3809	89a91404054b514f2e00980e101620e23714510745bfcb7c68a01e26c30a9118
trajectory_sets/exploratory_all7/pybughive_hard_smoke_pybughive_black_132_no_memory_seed1.json	4300	f9c9ce704c32b266cdd29c34a869a22e266e6b02e2ccd35191cda56ea7b21669
trajectory_sets/exploratory_all7/pybughive_hard_smoke_pybughive_black_132_reflexion_seed1.json	3399	388f272feeaf2523d693662bdd67e9e929d173f2ff34fae9554c69b4001e99f0
trajectory_sets/exploratory_all7/pybughive_hard_smoke_pybughive_black_133_auto_skill_seed1.json	2338	966720301429862aaf435ede3145272b136410679fc5ee4f6936ce9a8d5f685e
trajectory_sets/exploratory_all7/pybughive_hard_smoke_pybughive_black_133_generic_checklist_seed1.json	2293	b265d358a58f934cbda9c8cda7f1f260f6a0637dbc5eebb58bf070514a61a020
trajectory_sets/exploratory_all7/pybughive_hard_smoke_pybughive_black_133_length_matched_reflexion_seed1.json	2585	3ffac1cbef9c07601f456fb5f9f40ba73f6c7a115b6e4f80020fc92264fb3ff2
trajectory_sets/exploratory_all7/pybughive_hard_smoke_pybughive_black_133_no_memory_seed1.json	3567	a7d5856791794f9c7138f2d95528262df438512aeb670e8d50c7da6bcf118c50
trajectory_sets/exploratory_all7/pybughive_hard_smoke_pybughive_black_133_reflexion_seed1.json	3877	203fc9f4b9cc4de194d928c3db76cdb85b1c28e73e34ef47245cd3e2bb49c0f1
trajectory_sets/exploratory_all7/pybughive_hard_smoke_pybughive_black_154_auto_skill_seed1.json	4392	99db8f9c5c72c163bf8962a147632a0bcb2e8dca07e8377ada5485f4bcf64bf5
trajectory_sets/exploratory_all7/pybughive_hard_smoke_pybughive_black_154_generic_checklist_seed1.json	4523	14937208f618b322bf3f4c77498c2d6719b591e58e106bd9113899e528072a69
trajectory_sets/exploratory_all7/pybughive_hard_smoke_pybughive_black_154_length_matched_reflexion_seed1.json	4806	8e012a2e5568cb59265058065ecb71ec6b3bd27257e5b248cca3041aac322585
trajectory_sets/exploratory_all7/pybughive_hard_smoke_pybughive_black_154_no_memory_seed1.json	4386	b926448ed1622c8767e89a674f2d65dae2054c9e753e50b20a07a89816ca61d6
trajectory_sets/exploratory_all7/pybughive_hard_smoke_pybughive_black_154_reflexion_seed1.json	5354	4baa33fae75aa31b78473cc2a0a6cf1f57eabc935b4d363767f895fc8ed1fc6e
trajectory_sets/exploratory_all7/pybughive_hard_smoke_pybughive_black_183_auto_skill_seed1.json	2914	39cd6ebf640e0dbad3a6e07c11f51d017444c097eebd5927b1a8536d078cad9b
trajectory_sets/exploratory_all7/pybughive_hard_smoke_pybughive_black_183_generic_checklist_seed1.json	2480	32f0e544672cc0d42e0ddf7ab41ad457962b7ab1d224921831255022d4550519
trajectory_sets/exploratory_all7/pybughive_hard_smoke_pybughive_black_183_length_matched_reflexion_seed1.json	4372	ef9af62793e4b038ecc5e803909d792de84d59ac937d64a0aa9d7ae6ced28f8d
trajectory_sets/exploratory_all7/pybughive_hard_smoke_pybughive_black_183_no_memory_seed1.json	3861	63392ae0c2a5d4829e8c1f1ac377d604ed538b083169b84068599aa7d64337d7
trajectory_sets/exploratory_all7/pybughive_hard_smoke_pybughive_black_183_reflexion_seed1.json	3139	eba7d129067e5c9f4dc291e4392864f34c6558dd82909b351bebad1141e54676
trajectory_sets/exploratory_all7/pybughive_hard_smoke_pybughive_black_193_auto_skill_seed1.json	4335	4079caa4cc1eee7f576c549f6431e1316ae93e4d03c3df5088bf7148130121a4
trajectory_sets/exploratory_all7/pybughive_hard_smoke_pybughive_black_193_generic_checklist_seed1.json	5465	105b020b54edf4489acf325f7315f42e6b9b20b734b12095df22e38772b3e869
trajectory_sets/exploratory_all7/pybughive_hard_smoke_pybughive_black_193_length_matched_reflexion_seed1.json	4136	5fba3a920d8ff93486c60bc7990be57b60c28a028619401c4859bc303f15bf4e
trajectory_sets/exploratory_all7/pybughive_hard_smoke_pybughive_black_193_no_memory_seed1.json	2421	b0d6636c496996dc1f6d99720680c4530d2d5ed368e2625d049b43bfc1bca272
trajectory_sets/exploratory_all7/pybughive_hard_smoke_pybughive_black_193_reflexion_seed1.json	4119	e7f15fad4e0222d62c287cd58f4449d2d5a5ef0dadd20b15d18cb964008bd77c
trajectory_sets/exploratory_all7/pybughive_hard_smoke_pybughive_black_232_auto_skill_seed1.json	2277	3451bded67ff0235df6d025ef4ece21d7b0640e22c0ca04ab1d32c885e0a3ed2
trajectory_sets/exploratory_all7/pybughive_hard_smoke_pybughive_black_232_generic_checklist_seed1.json	3382	455b1ca477ff3e9c5d0379443d6f7410e7eb06223087c92069aa25531e23b889
trajectory_sets/exploratory_all7/pybughive_hard_smoke_pybughive_black_232_length_matched_reflexion_seed1.json	4931	e24de798045d75524d709bb76382eda16b9554f12b899a023acc567157591c73
trajectory_sets/exploratory_all7/pybughive_hard_smoke_pybughive_black_232_no_memory_seed1.json	4407	5ea11b0fdd1e70594dbd726f4d627a8eb88ca784f75545dd6e1cee2da294d71c
trajectory_sets/exploratory_all7/pybughive_hard_smoke_pybughive_black_232_reflexion_seed1.json	3942	1d08cd47b0fa0c8e01abf3ae86a65a24c5478ae938fae15fbd6a3ece7efe3437
trajectory_sets/exploratory_all7/pybughive_hard_smoke_pybughive_black_234_auto_skill_seed1.json	4657	3d9d551e42df9066a5c336b5e97f5380f38e03ca991db16fa18ca0028d66a882
trajectory_sets/exploratory_all7/pybughive_hard_smoke_pybughive_black_234_generic_checklist_seed1.json	3458	35c3095e8ccaef0c64f82546dce7beb4e1efcb5205f7cb58669142fb312afc3e
trajectory_sets/exploratory_all7/pybughive_hard_smoke_pybughive_black_234_length_matched_reflexion_seed1.json	2877	ae254076522c1ba4817da8be9ed22f9b134c2fa8d8255928a3fbed0e16d0069c
trajectory_sets/exploratory_all7/pybughive_hard_smoke_pybughive_black_234_no_memory_seed1.json	2822	96ff00b8c74d0459ba82b92ab34fd1c60234926ea2ddcb7ef264206c2934f3bd
trajectory_sets/exploratory_all7/pybughive_hard_smoke_pybughive_black_234_reflexion_seed1.json	2990	4ee7ed493e7bcf96f1ee1a069826ef87330caba67344c63af9f8b4c89f11281d
trajectory_sets/induction_train_k3/pybughive_train_trajectories_pybughive_black_297_no_memory_seed1.json	2354	c6b9a0b73aafd78ce68bf05a0032d384e17c8e2d4143578b0ab81513179b0b3e
trajectory_sets/induction_train_k3/pybughive_train_trajectories_pybughive_cookiecutter_1513_no_memory_seed1.json	2807	2475a0b82b4e092fbfe34e0863b49d6bcd15fb58b161bfa3ce9632851bb92f32
trajectory_sets/induction_train_k3/pybughive_train_trajectories_pybughive_discord_py_7676_no_memory_seed1.json	2141	388868116bf1298a1e6eb177f5918d860c1665a6f8f04d9e5ab35f88ec30cca5
trajectory_sets/primary_first6/pybughive_hard_smoke_pybughive_black_132_auto_skill_seed1.json	4153	05426bc3d208618af2717efed98bd7db0b020a10f31ba3584e12c813b4ac6574
trajectory_sets/primary_first6/pybughive_hard_smoke_pybughive_black_132_generic_checklist_seed1.json	4471	866e1dbb9dec00caa8bbc950d73f008928a812cd3d4c2dd1add4c8024797a358
trajectory_sets/primary_first6/pybughive_hard_smoke_pybughive_black_132_length_matched_reflexion_seed1.json	3809	89a91404054b514f2e00980e101620e23714510745bfcb7c68a01e26c30a9118
trajectory_sets/primary_first6/pybughive_hard_smoke_pybughive_black_132_no_memory_seed1.json	4300	f9c9ce704c32b266cdd29c34a869a22e266e6b02e2ccd35191cda56ea7b21669
trajectory_sets/primary_first6/pybughive_hard_smoke_pybughive_black_132_reflexion_seed1.json	3399	388f272feeaf2523d693662bdd67e9e929d173f2ff34fae9554c69b4001e99f0
trajectory_sets/primary_first6/pybughive_hard_smoke_pybughive_black_133_auto_skill_seed1.json	2338	966720301429862aaf435ede3145272b136410679fc5ee4f6936ce9a8d5f685e
trajectory_sets/primary_first6/pybughive_hard_smoke_pybughive_black_133_generic_checklist_seed1.json	2293	b265d358a58f934cbda9c8cda7f1f260f6a0637dbc5eebb58bf070514a61a020
trajectory_sets/primary_first6/pybughive_hard_smoke_pybughive_black_133_length_matched_reflexion_seed1.json	2585	3ffac1cbef9c07601f456fb5f9f40ba73f6c7a115b6e4f80020fc92264fb3ff2
trajectory_sets/primary_first6/pybughive_hard_smoke_pybughive_black_133_no_memory_seed1.json	3567	a7d5856791794f9c7138f2d95528262df438512aeb670e8d50c7da6bcf118c50
trajectory_sets/primary_first6/pybughive_hard_smoke_pybughive_black_133_reflexion_seed1.json	3877	203fc9f4b9cc4de194d928c3db76cdb85b1c28e73e34ef47245cd3e2bb49c0f1
trajectory_sets/primary_first6/pybughive_hard_smoke_pybughive_black_154_auto_skill_seed1.json	4392	99db8f9c5c72c163bf8962a147632a0bcb2e8dca07e8377ada5485f4bcf64bf5
trajectory_sets/primary_first6/pybughive_hard_smoke_pybughive_black_154_generic_checklist_seed1.json	4523	14937208f618b322bf3f4c77498c2d6719b591e58e106bd9113899e528072a69
trajectory_sets/primary_first6/pybughive_hard_smoke_pybughive_black_154_length_matched_reflexion_seed1.json	4806	8e012a2e5568cb59265058065ecb71ec6b3bd27257e5b248cca3041aac322585
trajectory_sets/primary_first6/pybughive_hard_smoke_pybughive_black_154_no_memory_seed1.json	4386	b926448ed1622c8767e89a674f2d65dae2054c9e753e50b20a07a89816ca61d6
trajectory_sets/primary_first6/pybughive_hard_smoke_pybughive_black_154_reflexion_seed1.json	5354	4baa33fae75aa31b78473cc2a0a6cf1f57eabc935b4d363767f895fc8ed1fc6e
trajectory_sets/primary_first6/pybughive_hard_smoke_pybughive_black_183_auto_skill_seed1.json	2914	39cd6ebf640e0dbad3a6e07c11f51d017444c097eebd5927b1a8536d078cad9b
trajectory_sets/primary_first6/pybughive_hard_smoke_pybughive_black_183_generic_checklist_seed1.json	2480	32f0e544672cc0d42e0ddf7ab41ad457962b7ab1d224921831255022d4550519
trajectory_sets/primary_first6/pybughive_hard_smoke_pybughive_black_183_length_matched_reflexion_seed1.json	4372	ef9af62793e4b038ecc5e803909d792de84d59ac937d64a0aa9d7ae6ced28f8d
trajectory_sets/primary_first6/pybughive_hard_smoke_pybughive_black_183_no_memory_seed1.json	3861	63392ae0c2a5d4829e8c1f1ac377d604ed538b083169b84068599aa7d64337d7
trajectory_sets/primary_first6/pybughive_hard_smoke_pybughive_black_183_reflexion_seed1.json	3139	eba7d129067e5c9f4dc291e4392864f34c6558dd82909b351bebad1141e54676
trajectory_sets/primary_first6/pybughive_hard_smoke_pybughive_black_193_auto_skill_seed1.json	4335	4079caa4cc1eee7f576c549f6431e1316ae93e4d03c3df5088bf7148130121a4
trajectory_sets/primary_first6/pybughive_hard_smoke_pybughive_black_193_generic_checklist_seed1.json	5465	105b020b54edf4489acf325f7315f42e6b9b20b734b12095df22e38772b3e869
trajectory_sets/primary_first6/pybughive_hard_smoke_pybughive_black_193_length_matched_reflexion_seed1.json	4136	5fba3a920d8ff93486c60bc7990be57b60c28a028619401c4859bc303f15bf4e
trajectory_sets/primary_first6/pybughive_hard_smoke_pybughive_black_193_no_memory_seed1.json	2421	b0d6636c496996dc1f6d99720680c4530d2d5ed368e2625d049b43bfc1bca272
trajectory_sets/primary_first6/pybughive_hard_smoke_pybughive_black_193_reflexion_seed1.json	4119	e7f15fad4e0222d62c287cd58f4449d2d5a5ef0dadd20b15d18cb964008bd77c
trajectory_sets/primary_first6/pybughive_hard_smoke_pybughive_black_232_auto_skill_seed1.json	2277	3451bded67ff0235df6d025ef4ece21d7b0640e22c0ca04ab1d32c885e0a3ed2
trajectory_sets/primary_first6/pybughive_hard_smoke_pybughive_black_232_generic_checklist_seed1.json	3382	455b1ca477ff3e9c5d0379443d6f7410e7eb06223087c92069aa25531e23b889
trajectory_sets/primary_first6/pybughive_hard_smoke_pybughive_black_232_length_matched_reflexion_seed1.json	4931	e24de798045d75524d709bb76382eda16b9554f12b899a023acc567157591c73
trajectory_sets/primary_first6/pybughive_hard_smoke_pybughive_black_232_no_memory_seed1.json	4407	5ea11b0fdd1e70594dbd726f4d627a8eb88ca784f75545dd6e1cee2da294d71c
trajectory_sets/primary_first6/pybughive_hard_smoke_pybughive_black_232_reflexion_seed1.json	3942	1d08cd47b0fa0c8e01abf3ae86a65a24c5478ae938fae15fbd6a3ece7efe3437
trajectory_sets/structural_control_gpt55/pybughive_hard_auto_skill_first6_pybughive_black_132_auto_skill_seed1.json	4922	d424e5d499b68dfed6b33af1b4396f447abaf43e98c0f992902a3c7b335ee8fe
trajectory_sets/structural_control_gpt55/pybughive_hard_auto_skill_first6_pybughive_black_133_auto_skill_seed1.json	4236	6d2df25854006c2cc23235cc3c47946ba5ebf5331d0e417ee9bd6810b5ebca17
trajectory_sets/structural_control_gpt55/pybughive_hard_auto_skill_first6_pybughive_black_154_auto_skill_seed1.json	4311	a3923410f8a2baf646c1c4d9ce7e5bd680c850a0f2158e18a5f68c38614dc867
trajectory_sets/structural_control_gpt55/pybughive_hard_auto_skill_first6_pybughive_black_183_auto_skill_seed1.json	3270	56ea26ea46572c8cbbc8e4aafc2567ac71bd88f2cea77a88088bf9784a83b771
trajectory_sets/structural_control_gpt55/pybughive_hard_auto_skill_first6_pybughive_black_193_auto_skill_seed1.json	3919	8b9f366c56942f4ac3fb5fe98afdaf29de640c88af1eea7fe4dfec94c89dd98b
trajectory_sets/structural_control_gpt55/pybughive_hard_auto_skill_first6_pybughive_black_232_auto_skill_seed1.json	4620	b93ed95188169d44adb4ec824bbab80faf8f13b4c3ee23254b5b1b52a2d856ef
trajectory_sets/structural_control_gpt55/pybughive_hard_format_shuffled_first6_pybughive_black_132_format_shuffled_skill_seed1.json	5064	9b4a55cc7d893d8f7da3f5a24b8debdc4ede4b47ac5ac174b4281bfe95079285
trajectory_sets/structural_control_gpt55/pybughive_hard_format_shuffled_first6_pybughive_black_133_format_shuffled_skill_seed1.json	4527	936d3051a85c3948a2d312c0b3f55eafe9856c1ad391824234242b700c8f29cc
trajectory_sets/structural_control_gpt55/pybughive_hard_format_shuffled_first6_pybughive_black_154_format_shuffled_skill_seed1.json	5143	0edd9a9a25f7365771b6d382b913a3a53e810ae6a9f8e97b1856bb75ff71e50a
trajectory_sets/structural_control_gpt55/pybughive_hard_format_shuffled_first6_pybughive_black_183_format_shuffled_skill_seed1.json	3070	760b02c5fac4b3d3d5a144cf75a41cb5864b877b801235c1ad06546188c14423
trajectory_sets/structural_control_gpt55/pybughive_hard_format_shuffled_first6_pybughive_black_193_format_shuffled_skill_seed1.json	5978	5d14f7ede443eeb8bd4e156cffc01d433b0e8687b42451008381e211ac8922fe
trajectory_sets/structural_control_gpt55/pybughive_hard_format_shuffled_first6_pybughive_black_232_format_shuffled_skill_seed1.json	4582	2f091f60a182a377d3d5a38f2f79e94d6c8fd1f1aa92e62443ed188cd64f4f99
